,state,newspaper,link
0,CA,www.latimes.com,http://www.latimes.com/opinion/op-ed/la-oe-angell-marijuana-democrats-20180712-story.html
1,CA,www.latimes.com,http://www.latimes.com/local/lanow/la-me-ln-marijuana-status-20180423-story.html
2,CA,www.latimes.com,http://www.latimes.com/style/la-lb-667-43289-la-me-ln-marijuana-status-20180423-htmlstory.html
3,CA,www.latimes.com,http://www.latimes.com/opinion/op-ed/la-oe-damico-marijuana-ad-restrictions-20180618-story.html
4,CA,www.latimes.com,http://www.latimes.com/business/la-fi-pot-friendly-hotels-20180622-story.html
5,CA,www.latimes.com,http://www.latimes.com/business/la-fi-cannabis-real-estate-20180331-story.html
6,CA,www.latimes.com,http://www.latimes.com/politics/la-na-pol-trump-marijuana-20180608-story.html
7,CA,www.latimes.com,http://www.latimes.com/local/lanow/la-me-california-marijuana-sales-20180101-story.html
8,CA,www.latimes.com,http://www.latimes.com/local/lanow/la-me-ln-marijuana-prep-20171231-story.html
9,CA,www.latimes.com,http://www.latimes.com/local/california/la-me-ln-legal-pot-day-one-20180102-story.html
10,CA,www.sfchronicle.com,https://www.sfchronicle.com/pot-legalization/
11,CA,www.sfchronicle.com,https://www.sfchronicle.com/news/article/Federal-cannabis-bill-would-help-California-12979852.php
12,CA,www.sfchronicle.com,https://www.sfchronicle.com/news/article/Cheap-cannabis-products-available-before-new-13032125.php
13,CA,www.sfchronicle.com,https://www.sfchronicle.com/news/article/Legalized-marijuana-will-be-a-bit-different-from-12452940.php
14,CA,www.sfchronicle.com,https://www.sfchronicle.com/news/article/Oakland-s-marijuana-equity-program-is-hurting-13077077.php
15,CA,www.sfchronicle.com,https://www.sfchronicle.com/opinion/article/State-of-potheads-how-is-marijuana-now-11957164.php
16,CA,www.sfchronicle.com,https://www.sfchronicle.com/bayarea/article/Berkeley-boy-was-Patient-X-in-first-13057044.php
17,CA,www.sfchronicle.com,https://www.sfchronicle.com/bayarea/article/California-marijuana-purveyors-go-mainstream-12532315.php
18,CA,www.ocregister.com,http://www.ocregister.com/marijuana-shops-will-have-glut-of-cheap-weed-followed-by-a-possible-shortage
19,CA,www.ocregister.com,http://www.ocregister.com/state-gives-marijuana-businesses-more-time-for-compliance
20,CA,www.ocregister.com,https://www.ocregister.com/tag/marijuana/
21,CA,www.ocregister.com,https://www.ocregister.com/2018/05/23/marijuana-landlord-turns-activist-arguing-local-policies-are-slowing-legal-weed/
22,CA,www.ocregister.com,https://www.ocregister.com/2018/04/09/database-of-marijuana-rules-from-every-city-and-county-in-california-shows-slow-acceptance-of-prop-64/
23,CA,www.ocregister.com,https://www.ocregister.com/2018/07/13/israeli-marijuana-researchers-to-open-first-u-s-clinic-in-laguna-woods/
24,CA,www.ocregister.com,https://www.ocregister.com/2018/07/05/marijuana-festivals-and-businesses-that-benefit-from-them-are-hurting-now-that-cannabis-is-legal-in-california/
25,CA,www.ocregister.com,https://www.ocregister.com/2018/07/26/first-tests-are-in-and-one-in-five-marijuana-samples-in-ca-isnt-making-grade/
26,CA,www.ocregister.com,https://www.ocregister.com/2018/06/27/la-palma-city-council-drops-idea-of-allowing-some-marijuana-related-businesses/
27,CA,www.sfgate.com,https://www.sfgate.com/cannabis/
28,CA,www.sfgate.com,https://www.sfgate.com/news/article/Marijuana-addiction-is-real-and-rising-13021615.php
29,CA,www.sfgate.com,https://www.sfgate.com/bayarea/article/420-Four-Twenty-California-meaning-marijuana-pot-12849341.php
30,CA,www.sfgate.com,https://www.sfgate.com/bayarea/article/Employees-evacuated-as-Calif-marijuana-13098903.php
31,CA,www.sacbee.com,https://www.sacbee.com/news/state/california/california-weed/
32,CA,www.sacbee.com,https://www.sacbee.com/news/state/california/california-weed/article213989439.html
33,CA,www.sacbee.com,https://www.sacbee.com/news/local/article214224109.html
34,CA,www.sacbee.com,https://www.sacbee.com/latest-news/article211779349.html
35,CA,www.sacbee.com,https://www.sacbee.com/news/article213818444.html
36,CA,www.sacbee.com,https://www.sacbee.com/news/state/california/california-weed/article215681545.html
37,CA,www.sacbee.com,https://www.sacbee.com/news/local/news-columns-blogs/city-beat/article211438994.html
38,CA,www.sacbee.com,https://www.sacbee.com/news/local/news-columns-blogs/city-beat/article210177199.html
39,CA,www.sacbee.com,https://www.sacbee.com/news/local/article194066459.html
40,CA,www.sacbee.com,https://www.sacbee.com/news/state/california/california-weed/article210480879.html
41,CA,www.sfexaminer.com,http://www.sfexaminer.com/medical-marijuana-recommendation/
42,CA,www.sfexaminer.com,http://www.sfexaminer.com/truth-lies-marijuana/
43,CA,www.sfexaminer.com,http://www.sfexaminer.com/legal-cannabis-sales-begin-monday-california-not-sf/
44,CA,www.sfexaminer.com,http://www.sfexaminer.com/california-laws-owning-operating-cannabis-business/
45,CA,www.sfexaminer.com,http://www.sfexaminer.com/sf-will-continue-roll-legal-cannabis-despite-threat-justice-department/
46,CA,www.sfexaminer.com,http://www.sfexaminer.com/supervisors-back-chinatown-pot-ban-despite-planning-commission-objections/
47,CA,www.sfexaminer.com,http://www.sfexaminer.com/sf-clear-thousands-marijuana-convictions-prop-64/
48,CA,www.sfexaminer.com,http://www.sfexaminer.com/sf-retailers-sell-recreational-marijuana-saturday/
49,CA,www.sfexaminer.com,http://www.sfexaminer.com/sf-gives-green-light-seven-dispensaries-seek-state-approval-recreational-weed-sales/
50,CA,www.sfexaminer.com,http://www.sfexaminer.com/sfs-marijuana-labor-movement-growing-new-dispensary-applicant/
51,CA,www.mercurynews.com,https://www.mercurynews.com/tag/marijuana/
52,CA,www.mercurynews.com,https://www.mercurynews.com/2018/07/15/is-it-legal-to-fly-or-road-trip-with-marijuana/
53,CA,www.mercurynews.com,https://www.mercurynews.com/2018/07/05/marijuana-festivals-and-businesses-that-benefit-from-them-are-hurting-now-that-cannabis-is-legal-in-california-2/
54,CA,www.mercurynews.com,https://www.mercurynews.com/2018/06/11/with-the-rise-of-legal-marijuana-drug-education-moves-from-dont-to-delay/
55,CA,www.mercurynews.com,https://www.mercurynews.com/2018/07/27/first-tests-are-in-and-one-in-five-marijuana-samples-in-california-isnt-making-grade/
56,CA,www.mercurynews.com,https://www.mercurynews.com/2018/07/14/cannabis-delivery-edibles-and-ads-could-change-under-new-permanent-state-regs/
57,CA,www.mercurynews.com,https://www.mercurynews.com/2018/07/12/cannabis-leaders-discuss-industry-future-at-san-jose-seminar/
58,CA,www.mercurynews.com,https://www.mercurynews.com/2018/05/10/california-flower-town-wrestles-with-odor-amid-shift-to-marijuana/
59,CA,www.mercurynews.com,https://www.mercurynews.com/2018/06/05/pets-not-eating-more-marijuana-in-california-post-prop-64-data-shows/
60,CA,www.mercurynews.com,https://www.mercurynews.com/2018/08/17/study-1-in-7-canadian-cannabis-users-admits-to-high-driving/
61,CA,www.fresnobee.com,https://www.fresnobee.com/news/local/pot-in-california/
62,CA,www.fresnobee.com,https://www.fresnobee.com/news/article216979400.html
63,CA,www.fresnobee.com,https://www.fresnobee.com/opinion/opn-columns-blogs/marek-warszawski/article213624169.html
64,CA,www.fresnobee.com,https://www.fresnobee.com/news/local/pot-in-california/article214031499.html
65,CA,www.fresnobee.com,https://www.fresnobee.com/news/local/article213195949.html
66,CA,www.fresnobee.com,https://www.fresnobee.com/news/local/pot-in-california/article211813819.html
67,CA,www.fresnobee.com,https://www.fresnobee.com/news/local/article212782749.html
68,CA,www.fresnobee.com,https://www.fresnobee.com/news/local/pot-in-california/article191681054.html
69,CA,www.fresnobee.com,https://www.fresnobee.com/opinion/editorials/article214406254.html
70,CA,www.fresnobee.com,https://www.fresnobee.com/news/article216037750.html
71,CA,www.pe.com,http://www.pe.com/eight-face-charges-after-murrieta-police-find-illegal-marijuana-grows
72,CA,www.pe.com,https://www.pe.com/tag/marijuana/
73,CA,www.pe.com,https://www.pe.com/2018/07/10/riverside-permanently-bans-marijuana-dispensaries-outdoor-growing/
74,CA,www.pe.com,https://www.pe.com/2018/06/18/a-proposed-law-would-allow-many-marijuana-business-in-unincorporated-riverside-county/
75,CA,www.pe.com,https://www.pe.com/2018/01/03/what-are-the-marijuana-laws-in-your-california-city-explore-our-database-of-local-cannabis-policies/
76,CA,www.pe.com,https://www.pe.com/2018/07/07/a-tale-of-marijuana-in-two-inland-cities/
77,CA,www.pe.com,https://www.pe.com/2018/04/16/marijuana-is-part-of-its-religion-says-jurupa-valley-church-fighting-city-to-stay-open/
78,CA,www.pe.com,https://www.pe.com/2018/05/08/temecula-intends-to-keep-ban-on-marijuana-businesses/
79,CA,www.pe.com,https://www.pe.com/2018/07/11/riverside-city-council-commits-to-the-folly-of-marijuana-prohibition/
80,CA,www.pe.com,https://www.pe.com/2018/07/11/hemet-voters-could-see-three-marijuana-initiatives-in-november/
81,AL,www.tuscaloosanews.com,http://www.tuscaloosanews.com/news/20180807/opinion-officials-weigh-in-on-marijuana-permit-applicants
82,AL,www.tuscaloosanews.com,http://www.tuscaloosanews.com/news/20171211/city-leaders-marijuana-proposal-makes-sense
83,AL,www.tuscaloosanews.com,http://www.tuscaloosanews.com/news/20171207/tuscaloosa-seeks-citation-not-jail-for-minor-marijuana-offenders
84,AL,www.tuscaloosanews.com,http://www.tuscaloosanews.com/news/20180802/records-marijuana-found-in-alabama-police-chiefs-car-home
85,AL,www.tuscaloosanews.com,http://www.tuscaloosanews.com/news/20180202/records-detail-ua-players-marijuana-possession-arrest
86,AL,www.tuscaloosanews.com,http://www.tuscaloosanews.com/news/20180731/k-9-finds-more-than-25-pounds-of-marijuana-at-bus-station
87,AL,www.tuscaloosanews.com,http://www.tuscaloosanews.com/article/20150108/news/605146305
88,AL,www.tuscaloosanews.com,http://www.tuscaloosanews.com/news/20170706/drug-agents-seize-41-pounds-of-marijuana
89,AL,www.tuscaloosanews.com,http://www.tuscaloosanews.com/opinion/20180112/matthew-t-mangino-looming-showdown-guns-or-marijuana
90,AL,www.montgomeryadvertiser.com,http://www.montgomeryadvertiser.com/story/news/politics/southunionstreet/2018/02/21/senate-committee-approves-bill-easing-marijuana-penalties/359787002/
91,AL,www.montgomeryadvertiser.com,http://www.montgomeryadvertiser.com/story/news/politics/southunionstreet/2018/02/19/house-senate-committees-consider-bills-easing-marijuana-punishments/351360002/
92,AL,www.montgomeryadvertiser.com,http://www.montgomeryadvertiser.com/story/news/2017/05/19/rule-would-increase-thc-levels-allowed-lenis-law/101851064/
93,AL,www.montgomeryadvertiser.com,http://www.montgomeryadvertiser.com/story/sports/college/alabama/2018/01/31/alabama-tight-end-tennison-arrested-marijuana-possession/1083167001/
94,AL,www.montgomeryadvertiser.com,http://www.montgomeryadvertiser.com/story/news/crime/2017/08/01/man-arrested-day-street-drug-bust/530111001/
95,AL,www.montgomeryadvertiser.com,https://www.montgomeryadvertiser.com/topic/5ae2b778-f3df-40f8-a83d-9646b6abff45/marijuana-in-oregon/
96,AL,www.montgomeryadvertiser.com,https://www.montgomeryadvertiser.com/topic/8bedd55d-b7ab-4916-a05d-56be934c56c7/the-marijuana-question/
97,AL,www.montgomeryadvertiser.com,https://www.montgomeryadvertiser.com/story/news/crime/2018/08/17/atlanta-woman-indicted-drug-trafficking-and-possession-charges/1018752002/
98,AL,www.montgomeryadvertiser.com,https://www.montgomeryadvertiser.com/story/news/new-jersey/2018/07/16/governor-phil-murphy-wants-more-medical-marijuana-retailers/788350002/
99,AL,www.montgomeryadvertiser.com,https://www.montgomeryadvertiser.com/story/news/crime/2018/04/13/feds-arrest-7-seize-1-million-narcotics-case/515246002/
100,AL,www.dothaneagle.com,http://www.dothaneagle.com/news/crime_court/sheriff-s-deputies-seize-pounds-of-marijuana/article_1e64d1ac-31b7-11e7-932a-3349e3a14678.html
101,AL,www.dothaneagle.com,http://www.dothaneagle.com/news/crime_court/houston-county-bust-nets-pounds-of-marijuana-ounces-of-spice/article_c18acd5a-313e-11e8-b17c-f72b92582949.html
102,AL,www.dothaneagle.com,https://www.dothaneagle.com/news/ap/state/officials-ok-license-for-fairbanks-marijuana-testing-site/article_ea401fcf-c2c1-5d5f-83cf-48e1b54a32d8.html
103,AL,www.dothaneagle.com,https://www.dothaneagle.com/news/crime_court/dothan-man-arrested-for-possession-of-marijuana/article_932e4882-6fe2-11e8-8cdf-7f36c850081e.html
104,AL,www.dothaneagle.com,https://www.dothaneagle.com/news/crime_court/man-gets-life-in-prison-for-trafficking-marijuana/article_1df4a88e-fbd1-11e2-a972-001a4bcf6878.html
105,AL,www.dothaneagle.com,https://www.dothaneagle.com/news/crime_court/dothan-man-charged-with-trafficking-pounds-of-marijuana/article_ee9d365a-843a-11e6-92ce-1f31ba13ff0f.html
106,AL,www.dothaneagle.com,https://www.dothaneagle.com/news/crime_court/dothan-mom-charged-with-allowing-teen-son-to-smoke-marijuana/article_4d7f6620-0be6-11e6-b189-2b1761054ad5.html
107,AL,www.dothaneagle.com,https://www.dothaneagle.com/jcfloridan/news/crime_courts/florida-supreme-court-disbars-medical-marijuana-lawyer/article_7d84ece4-fccd-11e7-8941-03291c60c885.html
108,AL,www.dothaneagle.com,https://www.dothaneagle.com/news/deputies-seized-marijuana-plants-in-cottonwood/article_b53ec369-75a1-5946-bf14-8fac3a36592c.html
109,AL,www.timesdaily.com,http://www.timesdaily.com/news/crime/year-long-operations-nets-drug-arrests-seizures/article_fdb21b4d-ea8f-5584-bbf8-97ac121d7485.html
110,AL,www.timesdaily.com,http://www.timesdaily.com/news/crime/women-charged-with-smoking-marijuana-while-child-present/article_5946eca3-23f9-5136-8066-0cb37bfc4314.html
111,AL,www.timesdaily.com,http://www.timesdaily.com/archives/marijuana-removal-efforts-working/article_2723e93b-7cc8-52ae-a6ca-acb832051a6a.html
112,AL,www.timesdaily.com,http://www.timesdaily.com/news/crime/agents-seized-shipped-marijuana-two-arrested/article_f63062ab-a39c-5570-a19c-2f4ed043ed6b.html
113,AL,www.timesdaily.com,http://www.timesdaily.com/news/crime/shipping-dope-increasing/article_5f2a6a1d-7fff-5ba1-9e27-8d9e16dd4c7c.html
114,AL,www.timesdaily.com,http://www.timesdaily.com/news/crime/ordering-pot-online-leads-to-man-s-arrest/article_c2ea5325-4284-57a1-b178-1b0f66f9e942.html
115,AL,www.timesdaily.com,http://www.timesdaily.com/news/crime/florence-man-sentenced-for-buying-marijuana-online/article_a1289ecf-f1cd-5eb7-89c8-1ec19bb2bde1.html
116,AL,www.timesdaily.com,http://www.timesdaily.com/news/crime/muscle-shoals-chief-gummy-marijuana-being-sold-to-teens/article_83165a1e-2c6e-59f6-9e73-4d0d3da98fd9.html
117,AL,www.timesdaily.com,http://www.timesdaily.com/news/crime/tuscumbia-warehouse-gets-unexpected-delivery/article_e31aefce-993a-5822-a8dd-55ba22492fd6.html
118,AL,www.timesdaily.com,http://www.timesdaily.com/news/state/records-marijuana-found-in-alabama-police-chief-s-car-home/article_d3fe434b-86b4-505c-a601-9600e367c2c1.html
119,AL,www.decaturdaily.com,http://www.decaturdaily.com/news/morgan_county/decatur/decatur-man-found-with-meth-and-marijuana-police-say/article_2aa7099b-67fe-577f-8650-93a551ce9b5d.html
120,AL,www.decaturdaily.com,http://www.decaturdaily.com/news/local/decatur-police-birmingham-man-found-with-marijuana-ecstasy/article_3a19c887-3016-5fd7-9ce6-bb5e0c2dd850.html
121,AL,www.decaturdaily.com,http://www.decaturdaily.com/news/morgan_county/decatur/moulton-woman-gets-marijuana-charge-after-decatur-traffic-stop/article_4206be34-fe57-5026-b83e-50bc848ff244.html
122,AL,www.decaturdaily.com,http://www.decaturdaily.com/opinion/editorials/leave-marijuana-to-the-states/article_717ddfb8-e223-5dc6-88ab-d8252b92e152.html
123,AL,www.decaturdaily.com,http://www.decaturdaily.com/news/police-meth-pills-and-marijuana-seized-in-decatur/article_d064bae4-e4f6-574b-b6cb-b490d17d8115.html
124,AL,www.decaturdaily.com,http://www.decaturdaily.com/news/morgan_county/decatur/decatur-man-accused-of-selling-marijuana/article_3a0b57dd-74f8-53e1-89f4-cf47b2fe8f53.html
125,AL,www.decaturdaily.com,http://www.decaturdaily.com/news/morgan_county/police-trinity-woman-smoked-marijuana-while-pregnant/article_4f2551ef-aac8-5d70-b8db-09fae3016ede.html
126,AL,www.decaturdaily.com,http://www.decaturdaily.com/us-news-campaign-marijuana-wa/image_6911ef74-fe8f-5846-9cf0-d2c8e0806413.html
127,AL,www.decaturdaily.com,http://www.decaturdaily.com/news/morgan_county/decatur/police-meth-marijuana-and-drug-paraphernalia-seized-on-west-moulton/article_4ddf19ea-0b26-57c5-97c9-d528656fff2b.html
128,AL,www.decaturdaily.com,http://www.decaturdaily.com/news/morgan_county/decatur/police-pounds-of-marijuana-seized-in-decatur/article_44209cd8-25b2-509d-b887-c35070540981.html
129,AL,www.annistonstar.com,https://www.annistonstar.com/columnists/phillip_tutor/phillip-tutor-legal-weed-and-good-people-in-the-u/article_58d01a6e-7f17-11e8-834a-afdde56ffc31.html
130,AL,www.annistonstar.com,https://www.annistonstar.com/sports/colleges/chemical-fueled-explosion-causes-fire-at-arizona-marijuana-facility/article_f62070a0-576d-53ba-aefa-6467a06b5ba5.html
131,AL,www.annistonstar.com,https://www.annistonstar.com/news/proposed-marijuana-legislation-goes-up-in-smoke/article_997fce28-0bd0-11e5-ab4f-4fc1adef33f9.html
132,AL,www.annistonstar.com,https://www.annistonstar.com/news/crime/heflin-police-find-trove-of-marijuana-edibles-during-traffic-stop/article_284d69c2-2a3b-11e8-a3c0-6730ebc760ca.html
133,AL,www.annistonstar.com,https://www.annistonstar.com/the_daily_home/dh_news/childersburg-woman-jailed-since-may-charged-with-xanax-marijuana-possession/article_65936a86-894d-11e8-9346-e3a30f11d8ad.html
134,AL,www.annistonstar.com,https://www.annistonstar.com/opinion/decriminalize-marijuana/article_5e11b6d1-128f-5cb1-9994-ece85c5c6559.html
135,AL,www.annistonstar.com,https://www.annistonstar.com/alabama-s-illegal-drug-tax-stamp/image_7012ad6e-f103-11e3-ab2c-0019bb2963f4.html
136,AL,www.annistonstar.com,https://www.annistonstar.com/the_st_clair_times/moody-man-arrested-after-more-than-pound-of-marijuana-allegedly/article_f8acb1fe-436d-11e8-ba9e-8bb8feb7f796.html
137,AL,www.annistonstar.com,https://www.annistonstar.com/sports/alabama/ex-tide-star-foster-arrested-on-marijuana-charge/article_90a56d72-f817-11e7-902c-cf176535e5d0.html
138,AL,www.annistonstar.com,https://www.annistonstar.com/news/cleburne/two-charged-with-marijuana-trafficking-after-i--stop/article_1944bdd8-ec31-11e7-9ae6-dbafaa4d1fd7.html
139,AL,www.gadsdentimes.com,http://www.gadsdentimes.com/news/20180618/man-robbed-while-trying-to-buy-marijuana
140,AL,www.gadsdentimes.com,http://www.gadsdentimes.com/news/20170511/marijuana-growing-op-found
141,AL,www.gadsdentimes.com,http://www.gadsdentimes.com/article/20130103/News/603239940
142,AL,www.gadsdentimes.com,http://www.gadsdentimes.com/article/20140627/News/603235512
143,AL,www.gadsdentimes.com,http://www.gadsdentimes.com/news/20180706/two-etowah-county-women-test-positive-for-drugs-while-pregnant
144,AL,www.gadsdentimes.com,http://www.gadsdentimes.com/news/20171009/man-reports-loose-marijuana-stolen-in-burglary
145,AL,www.gadsdentimes.com,http://www.gadsdentimes.com/news/20180417/medical-marijuana-push-spreads-to-utah-oklahoma
146,AL,www.gadsdentimes.com,http://www.gadsdentimes.com/article/20120510/News/603236332
147,AL,www.al.com,https://www.al.com/news/index.ssf/2018/02/bill_would_reduce_alabama_pena.html
148,AL,www.al.com,https://www.al.com/news/birmingham/index.ssf/2017/04/marijuana_in_alabama_debate_st.html
149,AL,www.al.com,https://www.al.com/news/index.ssf/2018/06/nearly_two-thirds_of_americans.html
150,AL,www.al.com,https://www.al.com/news/birmingham/index.ssf/2017/02/legal_marijuana_is_it_coming_t.html
151,AL,www.al.com,https://www.al.com/news/index.ssf/2018/04/should_we_allow_marijuana_use.html
152,AL,www.al.com,https://www.al.com/opinion/index.ssf/2018/02/how_politics_killed_alabama_ma.html
153,AL,www.al.com,https://www.al.com/politics/index.ssf/2018/01/fix_the_marijuana_mess_by_lett.html
154,AL,www.al.com,https://www.al.com/news/index.ssf/2018/05/_not_ready_for_that_how_alabam.html
155,AL,www.al.com,https://www.al.com/news/index.ssf/2018/02/bill_to_reduce_alabama_penalty.html
156,NY,www.nytimes.com,http://www.nytimes.com/topic/subject/marijuana-and-medical-marijuana
157,NY,www.nytimes.com,https://www.nytimes.com/2018/05/07/upshot/its-time-for-a-new-discussion-of-marijuanas-risks.html
158,NY,www.nytimes.com,https://www.nytimes.com/2018/02/08/opinion/marijuana-opiates-jeff-sessions.html
159,NY,www.nytimes.com,https://www.nytimes.com/2018/04/05/well/a-perplexing-marijuana-side-effect-relieved-by-hot-showers.html
160,NY,www.nytimes.com,https://www.nytimes.com/2018/02/05/nyregion/new-york-today-marijuana-history.html
161,NY,www.nytimes.com,https://www.nytimes.com/video/us/1194817094836/the-marijuana-state.html
162,NY,www.nytimes.com,https://www.nytimes.com/video/us/1194817094836/the-marijuana-state.html
163,NY,www.nytimes.com,https://www.nytimes.com/2018/04/20/well/move/runners-high-marijuana-pot-sports-exercise-weed.html
164,NY,www.nytimes.com,https://www.nytimes.com/2018/01/24/technology/marijuana-start-ups-go-beyond-the-simple-joint.html
165,NY,www.nytimes.com,https://www.nytimes.com/2018/01/31/us/california-marijuana-san-francisco.html
166,NY,www.nytimes.com,https://www.nytimes.com/2018/06/21/nyregion/marijuana-the-signature-olfactory-experience-of-new-york.html
167,NY,www.wsj.com,https://www.wsj.com/articles/legalizing-marijuana-the-pros-and-cons-1529528371
168,NY,www.wsj.com,https://www.wsj.com/articles/in-a-twist-marijuana-group-wants-more-rules-1530183600
169,NY,www.wsj.com,https://www.wsj.com/articles/this-is-no-time-to-go-to-pot-1529018027
170,NY,www.wsj.com,https://www.wsj.com/articles/jeff-sessions-struggles-to-get-planned-marijuana-crackdown-going-1528628400
171,NY,www.wsj.com,https://www.wsj.com/articles/on-legal-weed-let-states-tend-their-own-gardens-1528652158
172,NY,www.wsj.com,https://www.wsj.com/articles/californias-affirmative-action-for-marijuana-entrepreneurs-1515543760
173,NY,www.wsj.com,https://www.wsj.com/articles/recreational-marijuana-use-in-canada-to-become-legal-soon-1529512701
174,NY,www.wsj.com,https://www.wsj.com/articles/new-marijuana-based-epilepsy-treatment-to-cost-32-500-a-year-1533761758
175,NY,www.wsj.com,https://www.wsj.com/articles/should-congress-make-marijuana-legal-1515705272
176,NY,www.wsj.com,https://www.wsj.com/articles/americans-say-marijuana-is-less-of-health-risk-than-tobacco-poll-finds-1516401224
177,NY,www.newsday.com,https://www.newsday.com/long-island/crime/low-level-marijuana-offenses-enforcement-1.18608209
178,NY,www.newsday.com,https://www.newsday.com/opinion/editorial/marijuana-pot-arrests-long-island-1.18664606
179,NY,www.newsday.com,https://www.newsday.com/opinion/editorial/legalizing-marijuana-1.18292574
180,NY,www.newsday.com,https://www.newsday.com/long-island/politics/spin-cycle/cuomo-administration-legal-recreational-marijuana-1.19286315
181,NY,www.newsday.com,https://www.newsday.com/opinion/legal-pot-state-by-state-1.20322067
182,NY,www.newsday.com,https://www.newsday.com/long-island/nassau/carle-place-marijuana-dispensary-1.18478930
183,NY,www.newsday.com,https://www.newsday.com/news/health/marijuana-opiate-1.19308858
184,NY,www.newsday.com,https://www.newsday.com/news/region-state/marijuana-legalization-cuomo-1.16213069
185,NY,www.newsday.com,https://www.newsday.com/news/region-state/state-agrees-to-legalize-medical-marijuana-with-limits-1.8507996
186,NY,www.newsday.com,https://www.newsday.com/long-island/nassau/palliatech-medical-marijuana-dispensary-1.18259523
187,NY,www.nydailynews.com,http://www.nydailynews.com/sports/football/ny-sports-savino-marijuana-legalization-20180619-story.html
188,NY,www.nydailynews.com,http://www.nydailynews.com/tags/marijuana/
189,NY,www.nydailynews.com,http://www.nydailynews.com/news/politics/ny-pol-health-department-marijuana-legal-20180618-story.html
190,NY,www.nydailynews.com,http://www.nydailynews.com/new-york/ny-metro-pot-deal-squad-car-20180818-story.html
191,NY,www.nydailynews.com,http://www.nydailynews.com/news/ny-news-canada-legalizes-pot-sales-20180620-story.html
192,NY,www.nydailynews.com,http://www.nydailynews.com/news/national/legalizing-pot-fun-stanky-smoke-article-1.3998945
193,NY,www.nydailynews.com,http://www.nydailynews.com/opinion/side-effects-legalizing-pot-article-1.4002044
194,NY,www.nydailynews.com,http://www.nydailynews.com/opinion/war-pot-article-1.3995772
195,NY,www.nydailynews.com,http://www.nydailynews.com/new-york/ny-metro-study-shows-nine-of-10-marijuana-arrest-black-hispanic-20180725-story.html
196,NY,www.amny.com,https://www.amny.com/news/marijuana-at-work-1.20065469
197,NY,www.amny.com,https://www.amny.com/news/marijuana-legalization-nyc-1.19807677
198,NY,www.amny.com,https://www.amny.com/news/marijuana-legalization-nyc-1.18558497
199,NY,www.amny.com,https://www.amny.com/news/marijuana-legalization-new-york-1.18703556
200,NY,www.amny.com,https://www.amny.com/news/nyc-marijuana-policy-1.19306794
201,NY,www.amny.com,https://www.amny.com/news/smoking-marijuana-public-nyc-1.18640027
202,NY,www.amny.com,https://www.amny.com/news/medical-marijuana-dispensary-queens-1.19558027
203,NY,www.amny.com,https://www.amny.com/news/marijuana-enforcement-nyc-1.19231014
204,NY,www.amny.com,https://www.amny.com/news/smoking-marijuana-brooklyn-1.20145591
205,NY,www.amny.com,https://www.amny.com/news/marijuana-legalization-police-1.18754478
206,NY,www.democratandchronicle.com,https://www.democratandchronicle.com/topic/marijuana-legalization/
207,NY,www.democratandchronicle.com,https://www.democratandchronicle.com/story/news/2018/04/11/medical-marijuana-cannabis-opioids-overdose-pain-health-podcast/507068002/
208,NY,www.democratandchronicle.com,https://www.democratandchronicle.com/story/news/2018/05/17/medical-marijuana-factory-columbia-care-rochester-ny-eastman-business-park/546438002/
209,NY,www.democratandchronicle.com,https://www.democratandchronicle.com/story/news/politics/albany/2018/05/25/marijuana-new-york-keeps-inching-closer/644717002/
210,NY,www.democratandchronicle.com,https://www.democratandchronicle.com/story/news/2018/06/29/recreational-medical-marijuana-new-york-laws-cuomo-zucker-vita-columbia-care/739586002/
211,NY,www.democratandchronicle.com,https://www.democratandchronicle.com/story/opinion/guest-column/2018/06/08/essay-marijuana-not-benign-drug/682659002/
212,NY,www.democratandchronicle.com,https://www.democratandchronicle.com/story/news/politics/albany/2018/06/18/recreational-marijuana-new-york-study-recommends-legalizing/710590002/
213,NY,www.democratandchronicle.com,https://www.democratandchronicle.com/story/news/politics/albany/2018/05/25/andrew-cuomo-marijuana-timeline/632312002/
214,NY,www.democratandchronicle.com,https://www.democratandchronicle.com/story/news/politics/albany/2018/07/13/new-york-report-backing-marijuana-legalization-delivered-andrew-cuomo/782295002/
215,NY,www.democratandchronicle.com,https://www.democratandchronicle.com/story/news/2018/01/17/what-would-legalizing-recreational-pot-mean-new-yorkers/1041705001/
216,NY,www.syracuse.com,http://www.syracuse.com/crime/index.ssf/2018/07/nys_police_seize_1_million_in_high-grade_marijuana_after_troopers_smell_pot.html
217,NY,www.syracuse.com,https://www.syracuse.com/health/index.ssf/2018/07/ny_health_regulators_recommend_state_legalize_recreational_marijuana.html
218,NY,www.syracuse.com,https://www.syracuse.com/health/index.ssf/2018/07/post_59.html
219,NY,www.syracuse.com,https://www.syracuse.com/us-news/index.ssf/2018/06/canada_senate_legalizes_marijuana.html
220,NY,www.syracuse.com,https://www.syracuse.com/news/index.ssf/2018/07/state_health_department_says_legalizing_pot_could_cut_down_on_spike_abuse.html
221,NY,www.syracuse.com,https://www.syracuse.com/health/index.ssf/2018/07/ny_makes_it_easier_to_replace_prescription_opioids_with_medical_marijuana.html
222,NY,www.syracuse.com,https://www.syracuse.com/us-news/index.ssf/2018/06/marijuana-based_drug_for_seizures_gets_approved_by_the_us.html
223,NY,www.syracuse.com,https://www.syracuse.com/health/index.ssf/2018/07/spike.html
224,NY,www.syracuse.com,https://www.syracuse.com/health/index.ssf/2017/05/new_york_reveals_names_of_medical_marijuana_doctors.html
225,MN,www.startribune.com,http://www.startribune.com/minneapolis-cops-halt-marijuana-stings-after-almost-all-arrested-were-black/484876151/
226,MN,www.startribune.com,http://www.startribune.com/easy-entry-into-oregon-s-legal-pot-market-means-huge-surplus/484134761/
227,MN,www.startribune.com,http://www.startribune.com/medical-milestone-us-oks-marijuana-based-drug-for-seizures/486470101/
228,MN,www.startribune.com,http://www.startribune.com/on-net-minneapolis-policy-change-on-marijuana-enforcement-harms-public-safety/485183371/
229,MN,www.startribune.com,http://www.startribune.com/canada-to-announce-marijuana-legalization-date-soon/486030901/
230,MN,www.startribune.com,http://www.startribune.com/walz-bill-sends-message-to-va-get-going-on-medical-marijuana-research/480310493/
231,MN,www.startribune.com,http://www.startribune.com/minnesota-s-marijuana-moment-why-to-legalize-by-someone-who-doesn-t-inhale/474346773/
232,MN,www.startribune.com,http://www.startribune.com/oklahoma-fast-tracking-medical-marijuana-but-with-pushback/487793931/
233,MN,www.startribune.com,http://www.startribune.com/marijuana-trafficking-on-the-rise-along-minnesota-north-dakota-interstate/475105773/
234,MN,www.twincities.com,https://www.twincities.com/2018/08/01/autism-sleep-apnea-now-qualify-for-medical-marijuana-in-minnesota/
235,MN,www.twincities.com,https://www.twincities.com/2018/08/05/heres-where-democrats-running-for-governor-stand-on-guns-legalizing-pot-health-care-and-taxes/
236,MN,www.twincities.com,https://www.twincities.com/2018/08/18/amelia-weaver-hibbing-mn-medical-marijuana-epilepsy/
237,MN,www.twincities.com,https://www.twincities.com/2018/08/18/amelia-weaver-hibbing-mn-medical-marijuana-epilepsy/
238,MN,www.twincities.com,https://www.twincities.com/2018/05/10/mn-medical-marijuana-leafline-labs-andrew-bachman/
239,MN,www.twincities.com,https://www.twincities.com/
240,MN,www.twincities.com,https://www.twincities.com/2018/01/04/ap-newsbreak-us-to-end-policy-that-let-legal-pot-flourish/
241,MN,www.twincities.com,https://www.twincities.com/2018/03/01/study-many-minnesota-patients-say-medical-marijuana-relieves-chronic-pain/
242,MN,www.twincities.com,https://www.twincities.com/2017/02/09/minnesota-legislators-propose-legalizing-marijuana-use/
243,MN,www.twincities.com,https://www.twincities.com/2015/06/27/minnesotas-medical-marijuana-a-qa/
244,MN,www.twincities.com,https://www.twincities.com/2017/05/17/study-minnesota-medical-marijuana-patients-report-benefits/
245,MN,www.postbulletin.com,http://www.postbulletin.com/news/crime/traffic-stop-recovers-pounds-of-marijuana/article_849c36ef-2ead-5e36-bccb-22afc837f677.html
246,MN,www.postbulletin.com,http://www.postbulletin.com/business/medical-marijuana-company-s-sales-slow-amid-testing-delays/article_22fca056-d371-5b53-b52a-43aea491dccb.html
247,MN,www.postbulletin.com,http://www.postbulletin.com/news/politics/legalize-it-liebling-says-let-voters-decide/article_b0a53d0a-6777-5311-83df-c31ffb1a1181.html
248,MN,www.postbulletin.com,https://www.postbulletin.com/news/politics/political-notebook-lewis-walz-find-common-ground-on-marijuana/article_d5669ec4-23a3-5367-8d2e-167c768616d4.html
249,MN,www.postbulletin.com,https://www.postbulletin.com/news/crime/traffic-stop-leads-to-discover-of-pounds-of-marijuana/article_210cacf7-8cdc-5d71-a79e-1bd0db782748.html
250,MN,www.postbulletin.com,https://www.postbulletin.com/news/business/despite-low-demand-medical-marijuana-companies-in-illinois-are-growing/article_6558e28a-dce5-5bc5-92ec-b160eee0286b.html
251,MN,www.postbulletin.com,https://www.postbulletin.com/news/nation/should-minnesota-legalize-marijuana-for-recreational-use/article_3d8d24a9-d256-5a23-a669-8d874ffa2aba.html
252,MN,www.postbulletin.com,https://www.postbulletin.com/news/state/autism-sleep-apnea-now-qualify-for-medical-marijuana/article_7c4e12d5-3f25-546a-9d50-92797cd82731.html
253,MN,www.postbulletin.com,https://www.postbulletin.com/life/health/ptsd-patients-eligible-for-medical-marijuana-starting-today/article_ba83de69-e2ca-5da9-81ee-8601e7ecd770.html
254,MN,www.postbulletin.com,https://www.postbulletin.com/news/local/first-day-of-marijuana-sales/article_cd6f7b84-d66c-55fd-823a-a8107165198e.html
255,MN,www.duluthnewstribune.com,http://www.duluthnewstribune.com/obituaries/4487152-hibbing-girl-centerpiece-medical-marijuana-debate-dies-age-12
256,MN,www.duluthnewstribune.com,http://www.duluthnewstribune.com/obituaries/4487152-hibbing-girl-centerpiece-medical-marijuana-debate-dies-age-12
257,MN,www.duluthnewstribune.com,http://www.duluthnewstribune.com/business/healthcare/4410944-study-marijuana-helping-some-pain
258,MN,www.duluthnewstribune.com,http://www.duluthnewstribune.com/taxonomy/term/1268
259,MN,www.duluthnewstribune.com,http://www.duluthnewstribune.com/business/healthcare/4429850-medical-marijuana-frustrations-reported-minnesota
260,MN,www.duluthnewstribune.com,http://www.duluthnewstribune.com/lifestyle/health/4425066-cbd-cannabis-wont-get-you-high-so-why-are-so-many-people-using-it
261,MN,www.duluthnewstribune.com,http://www.duluthnewstribune.com/news/government-and-politics/4471281-north-dakota-supporters-legalizing-marijuana-push-vote
262,MN,www.duluthnewstribune.com,http://www.duluthnewstribune.com/news/science-and-nature/4406069-duluth-researcher-looking-effects-cannabis-giving-tobacco-smoking
263,MN,www.duluthnewstribune.com,http://www.duluthnewstribune.com/
264,MN,www.duluthnewstribune.com,http://www.duluthnewstribune.com/news/world/4457858-canada-moves-one-step-closer-legalizing-recreational-marijuana
265,MN,www.duluthnewstribune.com,http://www.duluthnewstribune.com/news/4439014-uc-san-diego-use-controversial-marijuana-compound-treat-severe-autism
266,MN,www.sctimes.com,http://www.sctimes.com/story/news/local/2016/07/27/1-mans-coast--coast-mission-legalize-cannibis/87603156/
267,MN,www.sctimes.com,http://www.sctimes.com/story/news/local/2017/12/22/st-cloud-man-arrested-after-warrant-yields-marijuana-cocaine-and-11-k/977233001/
268,MN,www.sctimes.com,https://www.sctimes.com/story/opinion/2018/07/21/marijuana-legalization-should-state-issue/809627002/
269,MN,www.sctimes.com,https://www.sctimes.com/story/news/local/2017/07/09/minnesotas-medical-marijuana-clinics-open-doors-ptsd-patients/462995001/
270,MN,www.sctimes.com,https://www.sctimes.com/story/news/local/2018/05/10/top-executive-out-medical-marijuana-company/599782002/
271,MN,www.sctimes.com,https://www.sctimes.com/story/news/local/2015/06/07/medical-cannabis-shop-open-summer-st-cloud/28659769/
272,MN,www.sctimes.com,https://www.sctimes.com/story/news/local/2016/06/06/st-cloud-medical-cannabis-store-opens/85467364/
273,MN,www.sctimes.com,https://www.sctimes.com/story/news/local/2016/05/12/medical-marijuana-store-opens-june/84278568/
274,MN,www.sctimes.com,https://www.sctimes.com/story/news/local/2015/06/30/doctors-uncertain-medical-cannabis-dispensaries-open/29533665/
275,MN,www.sctimes.com,https://www.sctimes.com/story/news/local/2018/04/19/st-cloud-man-arrested-after-officials-find-28-pounds-suspected-marijuana/533900002/
276,MN,www.mndaily.com,http://www.mndaily.com/article/2016/10/u-reflects-changing-national-drug-trends
277,MN,www.mndaily.com,http://www.mndaily.com/article/2017/07/ptsd-cannabis-treatment-hurdles
278,MN,www.mndaily.com,http://www.mndaily.com/article/2016/11/election-guide-omitted-legal-marijuana-now-partys-congressional-candidatelection-guide-omitted-legal-marijuana-now-partys-congressional-candidates
279,MN,www.mndaily.com,http://www.mndaily.com/blog/the-newsstand/2015/03/medical-marijuana-aimed-multiple-sclerosis-epilepsy-and-cancer-patients
280,MN,www.mndaily.com,http://www.mndaily.com/article/2017/03/eagle-magic-and-joke-store
281,MN,www.mndaily.com,http://www.mndaily.com/staff/jessie-bekker
282,MN,www.mndaily.com,http://www.mndaily.com/article/2016/09/u-athletics-aware-of-drugs-in-december
283,MN,www.mndaily.com,http://www.mndaily.com/search%3Fq%3D0%26page%3D11%26ti%3D0%26tg%3D0%26ty%3Dpost%26ts_month%3D0%26ts_day%3D0%26ts_year%3D0%26te_month%3D0%26te_day%3D0%26te_year%3D0%26s%3D0%26au%3D0%26o%3Ddate%26a%3D1
284,MN,www.mankatofreepress.com,http://www.mankatofreepress.com/news/local_news/driver-allegedly-caught-with-pot/article_3f9854e4-9114-11e8-b0de-0306cb41232b.html
285,MN,www.mankatofreepress.com,http://www.mankatofreepress.com/news/local_news/tip-leads-to-large-marijuana-growing-operation-near-gibbon/article_f509501e-a23d-11e8-bac1-5fbbd0f8df21.html
286,MN,www.mankatofreepress.com,http://www.mankatofreepress.com/news/local_news/tip-leads-to-large-marijuana-growing-operation-near-gibbon/article_f509501e-a23d-11e8-bac1-5fbbd0f8df21.html
287,MN,www.mankatofreepress.com,http://www.mankatofreepress.com/
288,MN,www.mankatofreepress.com,http://www.mankatofreepress.com/news/local_news/dealer-who-sold-pot-to-fund-tuition-sentenced/article_416febca-9bf4-11e8-bcef-5b3569b98b78.html
289,MN,www.mankatofreepress.com,http://www.mankatofreepress.com/news/local_news/over-pound-of-marijuana-allegedly-found-in-new-ulm-home/article_78e12132-7f0c-11e8-964b-c79309f0049e.html
290,MN,www.mankatofreepress.com,http://www.mankatofreepress.com/news/with-medical-cannabis-only-high-for-hopefuls-is-cost/article_819c725a-34d5-11e6-8200-5f987dd9175b.html
291,MN,www.mankatofreepress.com,http://www.mankatofreepress.com/news/marijuana-meth-still-the-top-local-drugs-in/article_c17ba2da-f1a1-11e7-aee4-13eb0b9ed4e3.html
292,MN,www.mankatofreepress.com,http://www.mankatofreepress.com/news/local_news/marijuana-bullets-and-stolen-wallet-allegedly-found-in-north-mankato/article_e0df1a68-549c-11e8-bf31-4f06ce40122f.html
293,MN,www.southernminn.com/owatonna_peoples_press,http://www.southernminn.com/owatonna_peoples_press/news/article_49e71f5d-1558-5e3d-8d51-e11f1027ddfd.html
294,MN,www.southernminn.com/owatonna_peoples_press,http://www.southernminn.com/owatonna_peoples_press/article_d11f2b66-062d-5046-98ab-366365827810.html
295,MN,www.southernminn.com/owatonna_peoples_press,http://www.southernminn.com/owatonna_peoples_press/news/article_df66c776-f265-5cfd-8da4-f6d4de2a1505.html
296,MN,www.southernminn.com/owatonna_peoples_press,http://www.southernminn.com/owatonna_peoples_press/article_d17f6f52-4405-5658-982c-1200fff328ed.html
297,MN,www.southernminn.com/owatonna_peoples_press,http://www.southernminn.com/owatonna_peoples_press/news/local/article_aa96b0f9-0bf0-59d1-8af4-f581247cc50c.html
298,MN,www.southernminn.com/owatonna_peoples_press,http://www.southernminn.com/owatonna_peoples_press/news/local/article_5bcce04c-6cb5-5479-8c98-034735de3a17.html
299,MN,www.southernminn.com/owatonna_peoples_press,http://www.southernminn.com/owatonna_peoples_press/news/article_23261e2b-b321-51a4-b3d2-0b2394706a69.html
300,MN,www.wctrib.com,http://www.wctrib.com/lifestyle/health/4425066-cbd-cannabis-wont-get-you-high-so-why-are-so-many-people-using-it
301,MN,www.wctrib.com,http://www.wctrib.com/business/healthcare/4429883-minnesota-medical-marijuana-users-struggle-cost-finding-doctors
302,MN,www.wctrib.com,http://www.wctrib.com/community/people/4487425-there-are-no-seizures-heaven-northern-minnesota-girl-centerpiece-medical
303,MN,www.wctrib.com,http://www.wctrib.com/news/crime-and-courts/4410236-regional-drug-task-force-sees-rise-marijuana-heroin
304,MN,www.wctrib.com,http://www.wctrib.com/news/nation/4475592-does-legal-weed-make-police-more-effective
305,MN,www.wctrib.com,http://www.wctrib.com/taxonomy/term/92372
306,MN,www.wctrib.com,http://www.wctrib.com/news/4408850-legalization-growing-elsewhere-marijuana-makes-half-nd-drug-arrests
307,MN,www.wctrib.com,http://www.wctrib.com/news/government-and-politics/4462698-legal-pot-gets-green-light-after-canadian-senators-sign
308,WY,www.wyomingnews.com,http://www.wyomingnews.com/news/local_news/struggle-with-marijuana-edibles-law-continues-for-wyoming-legislature/article_cb2edabe-4b47-11e7-b40d-27f967bc90c3.html
309,WY,www.wyomingnews.com,https://www.wyomingnews.com/news/local_news/wyoming-senate-passes-marijuana-reform-bill-moves-to-house/article_56c1a630-1d23-11e8-bcab-f787807d9705.html
310,WY,www.wyomingnews.com,https://www.wyomingnews.com/opinion/drake-medical-marijuana-will-improve-quality-of-life/article_a6184c86-c652-11e5-8361-4fcfb98c3a2f.html
311,WY,www.wyomingnews.com,https://www.wyomingnews.com/news/from_the_wire/colorado-pot-finds-its-way-to-northeast-wyoming/article_02b802b4-897a-11e8-b225-13ddc0e9fba3.html
312,WY,www.wyomingnews.com,https://www.wyomingnews.com/news/legislature/2017/
313,WY,www.wyomingnews.com,https://www.wyomingnews.com/news/new-wyoming-senate-committee-approves-marijuana-edibles-bill/article_aa951c72-d411-11e5-bea9-b3ba64d6985e.html
314,WY,www.wyomingnews.com,https://www.wyomingnews.com/news/local_news/wyoming-dci-says-cbd-oils-legally-ambiguous/article_2acbdb50-46b7-11e8-a204-031b39da0de7.html
315,WY,www.wyomingnews.com,https://www.wyomingnews.com/news/local_news/wyoming-medical-marijuana-initiative-doesn-t-make-ballot/article_ce78f1a6-f736-11e6-8950-c76e604037fd.html
316,WY,www.wyomingnews.com,https://www.wyomingnews.com/news/local_news/laramie-county-state-house-candidates-debate-in-forum/article_36fa689a-84d5-11e8-85e9-2f5aed3ea10d.html
317,WY,www.wyomingnews.com,https://www.wyomingnews.com/news/local_news/wyoming-house-makes-last-minute-changes-to-stand-your-ground/article_e9f4e5b6-2430-11e8-aec6-8f054c7fd8a3.html
318,WY,www.jhnewsandguide.com,https://www.jhnewsandguide.com/news/cops_courts/article_d3995fb1-af33-56e6-a09c-c5c14364bb2b.html
319,WY,www.jhnewsandguide.com,https://www.jhnewsandguide.com/news/cops_courts/article_54b12225-6e9f-5983-84c5-0983d58c93c1.html
320,WY,www.jhnewsandguide.com,https://www.jhnewsandguide.com/the_hole_scroll/article_810d47a6-5fa3-533a-b4f1-f0195fc3fee1.html
321,WY,www.jhnewsandguide.com,https://www.jhnewsandguide.com/news/cops_courts/article_86380c80-a53c-5253-bdb4-686ceb973126.html
322,WY,www.jhnewsandguide.com,https://www.jhnewsandguide.com/news/cops_courts/blotter/article_45c97d3e-4f26-5768-b0cc-d898eddc4ec9.html
323,WY,www.jhnewsandguide.com,https://www.jhnewsandguide.com/special/primary/article_6c08d58a-58a1-567c-82b5-6136da4d0f2c.html
324,WY,www.jhnewsandguide.com,https://www.jhnewsandguide.com/news/cops_courts/blotter/article_26174b8c-c84f-59bd-8295-9841e302d432.html
325,WY,www.jhnewsandguide.com,https://www.jhnewsandguide.com/opinion/columnists/health_rotating/article_de3f9d52-41cb-5429-b62f-d590237218ae.html
326,WY,www.jhnewsandguide.com,https://www.jhnewsandguide.com/news/cops_courts/blotter/article_4bf37a64-49c2-5f24-a535-2f6dad8c5885.html
327,WY,www.jhnewsandguide.com,https://www.jhnewsandguide.com/marijuana-life-sentence/image_ade8c3aa-90dd-5736-8751-6cacdf6abb15.html
328,WY,www.rocketminer.com,http://www.rocketminer.com/obituaries/erin-kay-endres/article_a8a2d717-b396-5524-80f5-04e2eee476de.html
329,WY,www.rocketminer.com,http://www.rocketminer.com/opinion/marijuana-comes-with-many-dangers/article_2ff08da2-3826-583a-8e4d-019fff56c3c6.html
330,WY,www.rocketminer.com,http://www.rocketminer.com/
331,WY,www.rocketminer.com,http://www.rocketminer.com/obituaries/
332,WY,www.rocketminer.com,http://www.rocketminer.com/eedition/
333,WY,www.rocketminer.com,http://www.rocketminer.com/news/
334,WY,www.rocketminer.com,http://www.rocketminer.com/news/california-man-arrested-over-worth-of-marijuana-seized/article_8edcd4ea-54fa-59f9-9459-9be0411b3404.html
335,WY,www.rocketminer.com,http://www.rocketminer.com/obituaries/alice-putman/article_ab8e0cf0-7120-5b06-941d-a62953c836ab.html
336,WY,www.rocketminer.com,http://www.rocketminer.com/news/california-man-arrested-pounds-of-marijuana-seized/article_29f8dd19-da29-5c00-86f1-237f53fa7b8f.html
337,WY,www.rocketminer.com,http://www.rocketminer.com/site/forms/online_services/obit/
338,WY,www.dailyranger.com,https://www.dailyranger.com/story.php%3Fid%3D31120%26headline%3Dlegalizing-marijuana-in-state-might-not-be-so-far-fetched-as-many-people-seem-to-think
339,WY,www.dailyranger.com,https://www.dailyranger.com/story.php%3Fid%3D20337%26headline%3Dmarijuana-ballot-sigs-at-20-percent
340,WY,www.dailyranger.com,"https://www.dailyranger.com/index.php%3Ftag%3DRiverton,%2520Wyo.%26filter%3Dtag"
341,WY,www.gillettenewsrecord.com,https://www.gillettenewsrecord.com/image_9d31f4b0-3879-5dc6-8830-663bbd40abec.html
342,WY,www.gillettenewsrecord.com,https://www.gillettenewsrecord.com/records/courts/article_9645a4b0-945e-548d-898c-54654d4f252a.html
343,WY,www.gillettenewsrecord.com,https://www.gillettenewsrecord.com/news/local/article_319e87c9-5f72-5878-958c-dd5e6f7b4c9d.html
344,WY,www.gillettenewsrecord.com,https://www.gillettenewsrecord.com/records/courts/article_ab9b66c6-c433-5294-9b63-e8e073cbc872.html
345,WY,www.gillettenewsrecord.com,https://www.gillettenewsrecord.com/records/courts/article_75a327f7-51fe-5bc4-80e2-34c6852f97fb.html
346,WY,www.gillettenewsrecord.com,https://www.gillettenewsrecord.com/records/crime_blotter/article_0dd44e7e-a36a-5096-b9ae-f5b553bbad52.html
347,WY,www.gillettenewsrecord.com,https://www.gillettenewsrecord.com/news/wyoming/article_591f14d0-35e1-5265-a596-f9525d0db5fd.html
348,WY,www.gillettenewsrecord.com,https://www.gillettenewsrecord.com/records/courts/article_c41e2425-9788-56d7-b299-38624e92b901.html
349,WY,www.gillettenewsrecord.com,https://www.gillettenewsrecord.com/news/wyoming/article_d981b15e-040e-53c3-b072-39b3516ec946.html
350,WY,www.gillettenewsrecord.com,https://www.gillettenewsrecord.com/news/wyoming/article_6ea4354b-5ba1-5324-b9f2-3b3c47e3a42a.html
351,WY,www.laramieboomerang.com,http://www.laramieboomerang.com/news/local_news/marijuana-arrest/image_35487920-bdf6-11e7-bf95-67ba8fff03b7.html
352,WY,www.laramieboomerang.com,http://www.laramieboomerang.com/news/local_news/guns-god-weed-and-land-survey-reveals-public-opinion-on/article_8926dad6-1f6d-11e8-b580-fb6df5a91593.html
353,WY,www.laramieboomerang.com,http://www.laramieboomerang.com/news/on-the-record-aug/article_42e6734c-a2a3-11e8-a912-53d614705dd3.html
354,WY,www.laramieboomerang.com,http://www.laramieboomerang.com/news/on-the-record-aug/article_d759c25a-a103-11e8-aeb7-97430bf4113a.html
355,WY,www.laramieboomerang.com,http://www.laramieboomerang.com/news/on-the-record-july/article_60d415a2-858a-11e8-9fbd-3344f6281ca4.html
356,WY,www.laramieboomerang.com,http://www.laramieboomerang.com/news/local_news/arrest_record_and_police_calls/on-the-record-july/article_5cf4aab4-8ef9-11e8-b0ca-2b3d68d400a3.html
357,WY,www.laramieboomerang.com,http://www.laramieboomerang.com/news/on-the-record-july/article_acf30ccc-7f2c-11e8-8653-375b416e2cd3.html
358,WY,www.laramieboomerang.com,http://www.laramieboomerang.com/news/local_news/arrest_record_and_police_calls/on-the-record-july/article_8c718626-8973-11e8-a922-7b3d3d6c6bca.html
359,WY,www.laramieboomerang.com,http://www.laramieboomerang.com/news/local_news/arrest_record_and_police_calls/on-the-record-july/article_80cf5950-8a37-11e8-9451-7f5294de917b.html
360,WY,www.laramieboomerang.com,http://www.laramieboomerang.com/news/local_news/on-the-record-may/article_f5ac6d8e-5342-11e8-9b9e-e73fcd0901d2.html
361,WY,www.wyodaily.com,http://www.wyodaily.com/story/2017/06/08/news/massachusetts-medical-pot-dispensary-selling-marijuana-pizza/4796.html
362,WY,www.wyodaily.com,http://www.wyodaily.com/author/marcus_huff/176%3Fm%3Dfalse
363,WY,www.wyodaily.com,https://www.wyodaily.com/story/2017/04/22/news/definition-of-edible-marijuana-debated/4519.html
364,WY,www.wyodaily.com,https://www.wyodaily.com/story/2017/09/15/news/police-find-marijuana-plants-at-organic-farm/5449.html
365,WY,www.wyodaily.com,https://www.wyodaily.com/story/2015/08/06/news/city-endorses-statement-condemning-marijuana-use/263.html
366,WY,www.wyodaily.com,https://www.wyodaily.com/story/2018/03/06/news/survey-reveals-public-opinion-on-wyoming-legislative-issues/6623.html
367,WY,www.rawlinstimes.com,http://www.rawlinstimes.com/news/traffic-stops-net-hundreds-of-pounds-of-marijuana/article_b9784c72-b07a-11e7-aefe-e3d1a886239c.html
368,WY,www.rawlinstimes.com,http://www.rawlinstimes.com/news/traffic-stop-leads-to-pounds-of-marijuana/article_e386a870-102e-11e7-858d-7770ac7789ce.html
369,WY,www.rawlinstimes.com,http://www.rawlinstimes.com/news/steinfeldt-sentenced-to---years-in-prison/article_891932b8-f891-11e6-aa9c-73547f8ddcf2.html
370,WY,www.rawlinstimes.com,http://www.rawlinstimes.com/news/medical-marijuana-will-not-be-on-ballot/article_2d4da122-f7c8-11e6-ab32-1f11e7dd499d.html
371,WY,www.rawlinstimes.com,https://www.rawlinstimes.com/rawlins/governor-hopeful-sam-galeotos-addresses-campaign-platform-in-rawlins/article_575e89b6-bcb8-515c-a2d9-9ffe1748a1a5.html
372,WY,www.rawlinstimes.com,https://www.rawlinstimes.com/news/wyoming-state-senate-candidates/article_e9814b9d-f7de-574e-b08d-6a44f6585a45.html
373,WY,www.rawlinstimes.com,https://www.rawlinstimes.com/opinion/restoring-voting-rights/article_b4a8b2a5-b224-5961-a350-9c08a3a257d1.html
